episode_id,scenario_type,lpi,total_severity,crl_full_recovery_0.90,crl_full_recovery_0.95,crl_full_recovery_0.98,crl_full_total_cost,crl_mask_only_recovery_0.90,crl_mask_only_recovery_0.95,crl_mask_only_recovery_0.98,crl_mask_only_total_cost,crl_shape_only_recovery_0.90,crl_shape_only_recovery_0.95,crl_shape_only_recovery_0.98,crl_shape_only_total_cost,rl_only_recovery_0.90,rl_only_recovery_0.95,rl_only_recovery_0.98,rl_only_total_cost,stochastic_opt_recovery_0.90,stochastic_opt_recovery_0.95,stochastic_opt_recovery_0.98,stochastic_opt_total_cost
0,single,2.585645,2,0.0,0.0,0.0,378256.11254198063,0.0,0.0,0.0,377041.6797328177,0.0,0.0,0.0,487368.4644128,0.0,0.0,0.0,369434.66872512846,0.0,0.0,0.0,332563.0591712982
1,dual,2.526313,7,60.0,60.0,60.0,408476.12559919554,0.0,0.0,0.0,382428.8207311749,28.666666666666668,28.666666666666668,28.666666666666668,597638.3156085386,39.666666666666664,39.666666666666664,39.666666666666664,424321.0132652239,83.0,83.0,83.0,474447.5228640451
2,compound,2.5805249999999997,9,34.666666666666664,34.666666666666664,34.666666666666664,323635.29483483767,0.0,0.0,0.0,294527.74985305173,14.666666666666666,34.666666666666664,34.666666666666664,544076.3616501287,14.666666666666666,34.666666666666664,34.666666666666664,315630.84998611227,0.0,0.0,0.0,400070.2588827663
3,single,2.585645,3,0.0,0.0,0.0,427706.14598516753,0.0,0.0,0.0,410270.2071550808,0.0,0.0,0.0,464233.7853170657,0.0,0.0,0.0,403406.91943034745,0.0,0.0,0.0,345729.9334943593
4,dual,2.814935,8,91.33333333333333,91.33333333333333,91.33333333333333,413826.81198036,110.0,110.0,110.0,391481.77629193215,73.33333333333333,73.33333333333333,73.33333333333333,709381.7209256293,110.0,110.0,110.0,442493.09919836867,110.0,110.0,110.0,553656.6951286502
5,compound,2.585645,12,107.66666666666667,107.66666666666667,110.0,446528.1738620676,107.0,107.0,109.66666666666667,419848.9385652545,71.33333333333333,71.33333333333333,71.33333333333333,712954.8386693372,107.0,107.0,109.66666666666667,611014.2496883791,68.0,68.0,68.0,616830.8425124128
6,single,2.526313,5,0.0,0.0,0.0,418217.47269046726,0.0,0.0,0.0,381303.92852032516,36.333333333333336,36.333333333333336,36.333333333333336,479065.49384706793,0.0,0.0,0.0,368903.1299694522,0.0,0.0,0.0,390295.1960526101
7,dual,2.5805249999999997,7,106.33333333333333,106.33333333333333,106.33333333333333,468787.17722249613,72.33333333333333,72.33333333333333,72.33333333333333,404484.12252110726,36.666666666666664,36.666666666666664,36.666666666666664,630427.4231899712,49.333333333333336,49.333333333333336,49.333333333333336,495516.15498609934,61.0,61.0,61.0,530573.9258128217
8,compound,2.814935,12,108.33333333333333,108.33333333333333,108.33333333333333,476252.93233665515,108.33333333333333,108.33333333333333,109.33333333333333,514627.12390660046,72.0,72.0,73.0,722468.1819146456,108.0,108.0,109.0,509101.91501818225,80.0,80.0,80.0,542955.9735522862
9,single,2.5805249999999997,5,36.666666666666664,36.666666666666664,36.666666666666664,366429.07903214294,0.0,0.0,0.0,344232.63880319666,55.0,55.0,72.33333333333333,518108.1904188402,50.0,50.0,50.0,370417.5488579974,44.0,44.0,44.0,365717.0476484513
10,dual,2.6,8,109.0,109.0,109.0,440193.8168689871,110.0,110.0,110.0,432722.5417846556,55.0,55.0,55.0,644628.0483847697,84.33333333333333,84.33333333333333,84.33333333333333,475734.8409595348,109.0,109.0,109.0,601989.5398063121
11,compound,2.5805249999999997,10,0.0,0.0,0.0,392145.8750896323,0.0,0.0,0.0,380286.6479182328,0.0,0.0,0.0,668640.3060881635,0.0,0.0,0.0,403523.98082495196,0.0,0.0,0.0,471152.55786044366
12,single,2.526313,5,0.0,0.0,0.0,343375.66818359663,0.0,0.0,0.0,322428.9749162847,0.0,0.0,0.0,418935.0183286991,0.0,0.0,0.0,345646.8902063758,0.0,0.0,0.0,385168.25190326007
13,dual,2.6,8,14.333333333333334,14.333333333333334,14.333333333333334,450355.85464701446,0.0,0.0,0.0,390828.8995694245,13.666666666666666,13.666666666666666,13.666666666666666,621675.9183305603,47.0,47.0,47.0,456058.33575792465,97.0,97.0,97.0,579617.7829739692
14,compound,2.5805249999999997,11,0.0,0.0,0.0,415140.76269408147,0.0,0.0,0.0,376863.8591875679,25.333333333333332,25.333333333333332,25.333333333333332,705615.8294048449,37.333333333333336,37.333333333333336,37.333333333333336,378904.18528010504,110.0,110.0,110.0,457276.8348276886
15,single,2.5805249999999997,3,0.0,0.0,0.0,401716.74510792625,0.0,0.0,0.0,398705.11713101715,0.0,0.0,0.0,513375.1478297382,0.0,0.0,0.0,366763.97198986314,0.0,0.0,0.0,331926.0948761814
16,dual,2.526313,6,0.0,0.0,0.0,361394.721302455,0.0,0.0,0.0,338921.45548937074,36.666666666666664,36.666666666666664,36.666666666666664,509139.20257779787,0.0,0.0,0.0,360294.44987175596,0.0,0.0,0.0,387219.444204829
17,compound,2.5805249999999997,12,80.66666666666667,80.66666666666667,80.66666666666667,478427.48925143573,81.33333333333333,81.33333333333333,81.33333333333333,462368.1979431982,46.666666666666664,46.666666666666664,46.666666666666664,726672.5169357216,81.33333333333333,81.33333333333333,81.33333333333333,567982.9667034777,74.0,74.0,74.0,584853.0750696218
18,single,2.5805249999999997,4,0.0,0.0,0.0,313307.7822261529,0.0,0.0,0.0,295507.8959087641,0.0,0.0,0.0,321247.883992882,0.0,0.0,0.0,317284.2355347022,0.0,0.0,0.0,353253.97989165876
19,dual,2.814935,7,0.0,0.0,0.0,411907.69288103183,35.666666666666664,35.666666666666664,35.666666666666664,370600.8393978683,16.0,16.0,16.0,579515.5238940034,54.666666666666664,59.333333333333336,59.333333333333336,383790.9514146529,0.0,0.0,0.0,412000.7454933121
20,compound,2.585645,11,59.666666666666664,59.666666666666664,59.666666666666664,580565.8419041078,81.33333333333333,81.33333333333333,81.33333333333333,579767.9941554872,47.0,47.0,47.0,825170.5748400133,81.33333333333333,81.33333333333333,81.33333333333333,743552.8129034092,59.0,59.0,59.0,657783.59388209
21,single,2.526313,5,59.666666666666664,59.666666666666664,59.666666666666664,466054.5485207405,0.0,0.0,0.0,396859.70982425334,56.333333333333336,56.333333333333336,56.333333333333336,561691.4927979542,50.0,50.0,50.0,451012.5013098374,76.0,76.0,76.0,531925.9723634962
22,dual,2.814935,7,0.0,0.0,0.0,408518.482678785,0.0,0.0,0.0,387784.78510763025,36.666666666666664,36.666666666666664,36.666666666666664,545547.3224117355,0.0,0.0,0.0,372719.79052167054,0.0,0.0,0.0,372216.81532826065
23,compound,2.5805249999999997,12,40.333333333333336,40.333333333333336,40.333333333333336,364990.1556210494,33.0,33.0,33.0,341277.61112534074,29.0,29.0,29.0,636148.9186409021,40.0,40.0,40.0,362448.4416183595,82.0,108.0,108.0,478505.85745888227
24,single,2.585645,3,0.0,0.0,0.0,417492.21476448927,0.0,0.0,0.0,396882.0604342414,0.0,0.0,0.0,441052.7895423852,0.0,0.0,0.0,393647.3917942943,0.0,0.0,0.0,335530.25950484816
25,dual,2.6,6,0.0,0.0,0.0,405376.9357063205,0.0,0.0,0.0,406728.72958206927,36.666666666666664,36.666666666666664,36.666666666666664,568124.6794925379,0.0,0.0,0.0,375379.05358663335,0.0,0.0,0.0,371505.1133555024
26,compound,2.814935,11,0.0,0.0,0.0,400919.04890876403,0.0,0.0,0.0,368508.3371815507,14.333333333333334,14.333333333333334,14.333333333333334,665052.5376245243,36.666666666666664,36.666666666666664,36.666666666666664,357672.82818102656,0.0,0.0,0.0,391733.2602998958
27,single,2.575405,3,0.0,0.0,0.0,397153.81120475737,0.0,0.0,0.0,381210.04461320216,0.0,0.0,0.0,547729.4285691257,0.0,0.0,0.0,386846.2880190094,0.0,0.0,0.0,352769.9531272985
28,dual,2.5,8,0.0,0.0,0.0,431108.1177747023,0.0,0.0,0.0,392398.01954973134,36.666666666666664,36.666666666666664,36.666666666666664,519216.54543210677,0.0,0.0,0.0,374946.9329581762,0.0,0.0,0.0,362660.38585539814
29,compound,2.575405,12,35.666666666666664,35.666666666666664,35.666666666666664,408253.2777890879,0.0,0.0,0.0,376982.1500827188,25.333333333333332,25.333333333333332,25.333333333333332,714672.3530884393,35.0,35.0,35.0,435349.14016601985,105.0,105.0,105.0,526452.9816169617
30,single,2.6,4,0.0,0.0,0.0,410491.5462733899,0.0,0.0,0.0,389777.13024974265,0.0,0.0,0.0,590120.9673387829,0.0,0.0,0.0,395101.8196553783,0.0,0.0,0.0,415301.99613157427
31,dual,2.526313,5,0.0,0.0,0.0,318373.9728146843,0.0,0.0,0.0,297320.71722681186,0.0,0.0,0.0,470963.645873171,0.0,0.0,0.0,316069.70741148747,0.0,0.0,0.0,378132.50847841526
32,compound,2.5805249999999997,10,0.0,0.0,0.0,322434.96327506605,0.0,0.0,0.0,300404.6094694942,27.666666666666668,27.666666666666668,27.666666666666668,636949.0129895629,27.666666666666668,27.666666666666668,27.666666666666668,336360.7947828762,0.0,0.0,0.0,385797.4499460547
33,single,2.5805249999999997,2,0.0,0.0,0.0,390870.58548550255,0.0,0.0,0.0,364705.1541539414,0.0,0.0,0.0,470075.92548681184,0.0,0.0,0.0,373950.9197841483,0.0,0.0,0.0,319467.05495977995
34,dual,2.526313,6,0.0,0.0,0.0,321113.6421991656,0.0,0.0,0.0,304806.8909414151,35.333333333333336,35.333333333333336,35.333333333333336,482193.47277383745,35.333333333333336,35.333333333333336,35.333333333333336,321380.19283384056,0.0,0.0,0.0,354798.0892838199
35,compound,2.526313,12,36.666666666666664,36.666666666666664,36.666666666666664,377212.9809623263,0.0,0.0,0.0,348316.4553227888,35.666666666666664,35.666666666666664,35.666666666666664,673512.1248370853,34.666666666666664,34.666666666666664,34.666666666666664,443501.4681652266,110.0,110.0,110.0,567738.6076068429
36,single,2.526313,4,0.0,0.0,0.0,397909.38439298567,0.0,0.0,0.0,393648.19503096765,0.0,0.0,0.0,382022.77327446383,0.0,0.0,0.0,388397.2119015089,0.0,0.0,0.0,400796.3834607285
37,dual,2.6,5,0.0,0.0,0.0,324845.371426965,0.0,0.0,0.0,318934.3424461813,0.0,0.0,0.0,507243.24969327234,0.0,0.0,0.0,339884.35856079665,0.0,0.0,0.0,340435.07603795204
38,compound,2.575405,11,87.33333333333333,87.33333333333333,87.33333333333333,503731.37930682115,110.0,110.0,110.0,463837.28821884684,73.33333333333333,73.33333333333333,73.33333333333333,810820.7014145727,110.0,110.0,110.0,515857.8494189831,109.0,109.0,109.0,560686.2030259336
39,single,2.526313,5,0.0,0.0,0.0,398506.2564968515,0.0,0.0,0.0,369712.8754994399,73.33333333333333,73.33333333333333,73.33333333333333,593759.7662377353,70.0,70.0,70.0,410188.90254989796,81.0,81.0,81.0,414517.44967760745
40,dual,2.526313,7,0.0,0.0,0.0,339979.0654955273,0.0,0.0,0.0,317927.43347991543,34.333333333333336,34.333333333333336,34.333333333333336,483558.44119465054,0.0,0.0,0.0,339740.535469102,0.0,0.0,0.0,379597.17207487795
41,compound,2.5,11,40.666666666666664,40.666666666666664,40.666666666666664,434539.19754161965,37.0,37.0,37.0,424135.6880323699,38.333333333333336,38.333333333333336,38.333333333333336,656627.1600712468,41.0,41.0,41.0,455426.53746257786,35.0,35.0,35.0,514455.6702696979
42,single,2.575405,2,0.0,0.0,0.0,370784.9968943664,0.0,0.0,0.0,349631.71798336116,0.0,0.0,0.0,466612.8648142074,0.0,0.0,0.0,371593.26051949523,0.0,0.0,0.0,342818.814151824
43,dual,2.814935,8,84.66666666666667,84.66666666666667,84.66666666666667,438105.5351793593,101.33333333333333,101.33333333333333,101.33333333333333,448304.5729553553,56.666666666666664,56.666666666666664,56.666666666666664,665799.2776671009,93.33333333333333,93.33333333333333,93.33333333333333,456588.30418089504,86.0,86.0,86.0,570230.0042944767
44,compound,2.5805249999999997,12,47.0,47.0,47.0,442937.96323708165,108.0,108.0,108.0,439079.0000296104,72.33333333333333,72.33333333333333,72.33333333333333,728748.6767452516,85.33333333333333,85.33333333333333,85.33333333333333,506951.01527953683,69.0,69.0,69.0,651700.5657830327
45,single,2.5,2,0.0,0.0,0.0,394870.96117787407,0.0,0.0,0.0,388763.2380862385,0.0,0.0,0.0,375201.6640003883,0.0,0.0,0.0,373272.0462197739,0.0,0.0,0.0,327254.19400583865
46,dual,2.814935,8,76.33333333333333,76.33333333333333,76.33333333333333,457062.8558260992,87.0,87.0,87.0,412507.72231875383,35.333333333333336,35.333333333333336,35.333333333333336,652998.6760282506,71.66666666666667,71.66666666666667,71.66666666666667,433989.7061161565,55.0,55.0,55.0,618358.6281356665
47,compound,2.585645,11,36.666666666666664,36.666666666666664,36.666666666666664,436184.49945396866,0.0,0.0,0.0,403835.26145439764,25.333333333333332,25.333333333333332,25.333333333333332,643118.27164686,44.666666666666664,44.666666666666664,44.666666666666664,462319.393098484,74.0,81.0,81.0,531740.1431235648
48,single,2.5805249999999997,3,35.333333333333336,35.333333333333336,35.333333333333336,338555.54027590336,0.0,0.0,0.0,319487.57354585716,0.0,0.0,0.0,403196.89404221997,0.0,0.0,0.0,326960.3137144982,0.0,0.0,0.0,349510.02102817455
49,dual,2.526313,7,0.0,0.0,0.0,383780.81585575145,0.0,0.0,0.0,362767.4042933314,59.666666666666664,59.666666666666664,59.666666666666664,558374.4169973672,57.333333333333336,57.333333333333336,57.333333333333336,395970.2931011853,69.0,69.0,69.0,434219.65870216355
50,compound,2.6,11,80.0,80.0,80.0,480775.9340614949,38.0,38.0,38.0,459912.77663463686,24.333333333333332,24.333333333333332,24.333333333333332,801675.6157219661,61.666666666666664,61.666666666666664,61.666666666666664,742611.1053129613,110.0,110.0,110.0,705769.365510317
51,single,2.5,4,0.0,0.0,0.0,406301.0033792504,0.0,0.0,0.0,392333.25722386246,0.0,0.0,0.0,368633.67984220904,0.0,0.0,0.0,371443.7474158769,0.0,0.0,0.0,369704.06612904853
52,dual,2.5805249999999997,6,0.0,0.0,0.0,304663.89424675447,0.0,0.0,0.0,292826.5771943387,0.0,0.0,0.0,366912.57641458214,0.0,0.0,0.0,309345.71632223873,0.0,0.0,0.0,333620.0697868684
53,compound,2.5805249999999997,11,0.0,0.0,0.0,346643.82312868774,0.0,0.0,0.0,315399.0028261374,25.666666666666668,25.666666666666668,25.666666666666668,539495.2145106477,38.0,38.0,38.0,342508.4636608713,77.0,77.0,77.0,441801.98070128623
54,single,2.585645,2,0.0,0.0,0.0,380476.6999736843,0.0,0.0,0.0,365746.2486588973,0.0,0.0,0.0,395336.5703889555,0.0,0.0,0.0,390076.97982032475,0.0,0.0,0.0,372758.61364649725
55,dual,2.5,8,0.0,0.0,0.0,379011.6936787676,0.0,0.0,0.0,362731.2329575115,62.666666666666664,62.666666666666664,62.666666666666664,458552.08075410203,33.666666666666664,33.666666666666664,35.333333333333336,368601.4573629638,0.0,0.0,0.0,364119.8967588111
56,compound,2.6,11,109.33333333333333,109.33333333333333,109.33333333333333,553574.1450657961,109.33333333333333,109.33333333333333,109.33333333333333,553989.726586713,72.66666666666667,72.66666666666667,72.66666666666667,838396.7012121727,109.33333333333333,109.33333333333333,109.33333333333333,563366.0370637815,108.0,108.0,108.0,710463.5268989097
57,single,2.585645,3,0.0,0.0,0.0,378305.1651167137,0.0,0.0,0.0,371508.2992688862,0.0,0.0,0.0,447574.84377161716,0.0,0.0,0.0,387122.3796687864,0.0,0.0,0.0,416512.570814248
58,dual,2.575405,7,0.0,0.0,0.0,333033.1048300345,0.0,0.0,0.0,310337.8271015112,36.333333333333336,36.333333333333336,36.333333333333336,509811.384003429,0.0,0.0,0.0,334599.57294775086,0.0,0.0,0.0,365434.90877426986
59,compound,2.814935,11,0.0,0.0,0.0,401300.25820448325,0.0,0.0,0.0,367351.9695351913,22.666666666666668,22.666666666666668,25.333333333333332,603992.3691719949,33.666666666666664,33.666666666666664,33.666666666666664,372160.3446848264,0.0,0.0,0.0,404571.16079341935
60,single,2.6,5,57.666666666666664,90.0,90.0,466365.85239915596,96.33333333333333,96.33333333333333,100.33333333333333,454677.8997010525,72.33333333333333,72.33333333333333,72.33333333333333,657631.9523616923,96.33333333333333,96.33333333333333,100.33333333333333,447882.3113167819,109.0,109.0,109.0,576636.8245248605
61,dual,2.585645,8,35.666666666666664,35.666666666666664,35.666666666666664,374249.53751777136,0.0,0.0,0.0,357018.9147770619,70.66666666666667,70.66666666666667,70.66666666666667,512258.87503510603,68.33333333333333,68.33333333333333,68.33333333333333,341207.4106173241,0.0,0.0,0.0,399121.0101084924
62,compound,2.5805249999999997,13,98.66666666666667,98.66666666666667,98.66666666666667,430296.1802120832,89.0,99.0,99.0,401175.0357857892,41.0,41.0,41.0,672273.5761569516,98.0,98.0,98.0,490366.2867086208,104.0,109.0,109.0,501861.58408936585
63,single,2.5805249999999997,4,0.0,0.0,0.0,340564.9086590885,0.0,0.0,0.0,318249.59901606775,0.0,0.0,0.0,469112.70925291505,0.0,0.0,0.0,341564.39629007614,0.0,0.0,0.0,381485.9463978978
64,dual,2.575405,9,82.33333333333333,82.33333333333333,82.33333333333333,533677.006466786,67.0,67.0,67.0,492921.5592517686,84.0,84.0,84.0,657504.2879578318,69.66666666666667,69.66666666666667,69.66666666666667,505800.8800382179,69.0,69.0,90.0,631077.3144949258
65,compound,2.6,9,0.0,0.0,0.0,425782.6377855939,0.0,0.0,0.0,403395.09099548747,0.0,0.0,0.0,631696.0499390509,0.0,0.0,0.0,389608.80213427293,0.0,0.0,0.0,451880.23858958663
66,single,2.6,4,0.0,0.0,0.0,318139.66107650736,0.0,0.0,0.0,299977.71757968515,0.0,0.0,0.0,405856.9483824713,0.0,0.0,0.0,323491.2707469703,0.0,0.0,0.0,361446.42872260057
67,dual,2.6,8,68.33333333333333,68.33333333333333,70.66666666666667,506044.74454005127,68.0,68.0,68.0,474012.3733501993,45.666666666666664,45.666666666666664,45.666666666666664,662269.486144672,68.33333333333333,68.33333333333333,68.33333333333333,479923.5126706322,70.0,70.0,70.0,590095.7247730928
68,compound,2.575405,10,68.66666666666667,68.66666666666667,71.0,480283.866499818,103.33333333333333,103.33333333333333,103.33333333333333,486720.75216382724,75.33333333333333,75.33333333333333,75.33333333333333,662919.7858224821,80.66666666666667,80.66666666666667,80.66666666666667,495805.0329126957,82.0,82.0,82.0,669172.5087371554
69,single,2.575405,3,0.0,0.0,0.0,397282.04733338516,0.0,0.0,0.0,363826.92320557055,36.0,36.0,36.0,522069.24959928077,0.0,0.0,0.0,378312.96757913195,0.0,0.0,0.0,383029.0738676682
70,dual,2.575405,6,0.0,0.0,0.0,332028.3912492352,0.0,0.0,0.0,312026.6253391896,0.0,0.0,0.0,429506.91104128165,0.0,0.0,0.0,329973.2080901536,0.0,0.0,0.0,307214.15777025616
71,compound,2.585645,11,69.0,69.0,69.0,463599.1366267852,96.66666666666667,96.66666666666667,96.66666666666667,462881.5003216919,64.66666666666667,64.66666666666667,64.66666666666667,673555.1709905487,92.66666666666667,92.66666666666667,92.66666666666667,501828.4610408387,96.0,96.0,96.0,530303.9131346318
72,single,2.5805249999999997,2,0.0,0.0,0.0,419636.84612779325,0.0,0.0,0.0,397186.46058797877,0.0,0.0,0.0,442819.3040599814,0.0,0.0,0.0,426204.06926633854,0.0,0.0,0.0,389423.29619734146
73,dual,2.526313,6,0.0,0.0,0.0,396801.5708098484,0.0,0.0,0.0,381409.7591947785,0.0,0.0,0.0,542803.0088018666,0.0,0.0,0.0,365173.1216923108,0.0,0.0,0.0,378205.8439368196
74,compound,2.575405,11,0.0,0.0,0.0,375258.86289343965,36.666666666666664,36.666666666666664,36.666666666666664,350041.0626255723,36.666666666666664,36.666666666666664,36.666666666666664,579505.3398282555,36.666666666666664,36.666666666666664,36.666666666666664,362254.073813864,110.0,110.0,110.0,452786.1233218016
75,single,2.585645,2,0.0,0.0,0.0,423427.083099373,0.0,0.0,0.0,416333.23304560763,0.0,0.0,0.0,408749.31205886154,0.0,0.0,0.0,413624.2944404336,0.0,0.0,0.0,354033.02876500797
76,dual,2.5805249999999997,8,84.0,84.0,102.0,455992.47660543537,92.66666666666667,92.66666666666667,102.0,422087.76313782326,100.0,100.0,109.33333333333333,628269.2717128776,99.33333333333333,99.33333333333333,108.66666666666667,472692.31564885983,83.0,83.0,109.0,618044.5374977038
77,compound,2.814935,10,0.0,0.0,0.0,341084.03417534713,0.0,0.0,0.0,311674.4542927277,36.666666666666664,36.666666666666664,36.666666666666664,658928.2574995552,36.666666666666664,36.666666666666664,36.666666666666664,331091.72561512096,0.0,0.0,0.0,412450.57926012896
78,single,2.575405,3,0.0,0.0,0.0,432303.42012120533,0.0,0.0,0.0,404859.98462329485,0.0,0.0,0.0,540613.2931931252,0.0,0.0,0.0,391932.1908084776,0.0,0.0,0.0,366959.20389469207
79,dual,2.585645,8,0.0,0.0,0.0,312444.46014817856,0.0,0.0,0.0,292584.55029052513,36.666666666666664,36.666666666666664,49.0,479386.9133746806,0.0,0.0,12.333333333333334,310629.90644727316,108.0,108.0,108.0,354444.72098945954
80,compound,2.814935,12,110.0,110.0,110.0,486534.8161885969,110.0,110.0,110.0,520705.6076473479,73.33333333333333,73.33333333333333,73.33333333333333,786547.9241740705,110.0,110.0,110.0,534795.0942855094,109.0,109.0,109.0,518942.84023342724
81,single,2.575405,4,0.0,0.0,0.0,352828.2937763259,0.0,0.0,0.0,347618.7190922072,0.0,0.0,0.0,387393.808416792,0.0,0.0,0.0,359681.60373747203,0.0,0.0,0.0,414465.0979097785
82,dual,2.5805249999999997,7,45.666666666666664,45.666666666666664,45.666666666666664,443991.439939704,0.0,0.0,0.0,416624.1384030201,70.66666666666667,70.66666666666667,70.66666666666667,616538.3454196869,66.33333333333333,66.33333333333333,66.33333333333333,437367.1502636941,0.0,0.0,0.0,455131.6403526477
83,compound,2.585645,13,41.0,41.0,41.0,416762.63787295064,23.0,23.0,23.0,374354.57342585985,31.0,31.0,31.0,685738.6416888086,54.666666666666664,54.666666666666664,54.666666666666664,572088.7078444542,100.0,100.0,100.0,596559.5811862502
84,single,2.585645,5,33.666666666666664,33.666666666666664,33.666666666666664,446475.55725898145,0.0,0.0,0.0,408009.51180755504,56.333333333333336,56.333333333333336,56.333333333333336,555089.1886946594,68.0,68.0,68.0,438135.5366704832,103.0,103.0,103.0,512524.601405574
85,dual,2.526313,9,100.33333333333333,100.33333333333333,100.33333333333333,427558.52429064387,99.66666666666667,99.66666666666667,99.66666666666667,407061.2077289231,101.0,101.0,101.0,638507.0048559372,95.66666666666667,95.66666666666667,95.66666666666667,447586.0280460736,97.0,97.0,97.0,620489.5264106716
86,compound,2.5,11,44.666666666666664,53.333333333333336,53.333333333333336,424195.9584718996,32.0,80.0,80.0,405303.36699126364,23.0,23.0,33.0,647567.9359835369,51.0,53.666666666666664,53.666666666666664,566593.5735663384,53.0,53.0,53.0,510523.9124295582
87,single,2.526313,2,0.0,0.0,0.0,407865.327383244,0.0,0.0,0.0,366607.40119264805,0.0,0.0,0.0,379272.89581526216,0.0,0.0,0.0,385639.96932161035,0.0,0.0,0.0,341397.7589490199
88,dual,2.6,6,0.0,0.0,0.0,358974.75026137935,0.0,0.0,0.0,343485.25511593494,34.333333333333336,34.333333333333336,34.333333333333336,517350.62247570633,0.0,0.0,0.0,334581.2831197751,0.0,0.0,0.0,372109.46802635945
89,compound,2.5805249999999997,10,44.333333333333336,44.333333333333336,44.333333333333336,348875.18535172247,35.0,35.0,35.0,326938.223158323,39.333333333333336,39.333333333333336,39.333333333333336,586301.451036682,51.0,51.0,51.0,357003.23205733736,81.0,81.0,81.0,458191.6437663628
90,single,2.6,5,0.0,0.0,0.0,369318.18493087,0.0,0.0,0.0,341790.3660979669,0.0,0.0,0.0,425099.23818760755,0.0,0.0,0.0,326921.4178509533,0.0,0.0,0.0,348144.51299611013
91,dual,2.5805249999999997,9,110.0,110.0,110.0,526414.6829113878,110.0,110.0,110.0,513230.9526371869,110.0,110.0,110.0,758406.815317466,110.0,110.0,110.0,558892.3590318275,110.0,110.0,110.0,699406.1093538014
92,compound,2.814935,10,59.333333333333336,59.333333333333336,59.333333333333336,460708.7295499644,41.0,41.0,41.0,424732.3320815146,49.666666666666664,49.666666666666664,49.666666666666664,750237.7469926033,63.666666666666664,63.666666666666664,63.666666666666664,585152.1732737299,35.0,35.0,35.0,557018.5063904487
93,single,2.6,3,0.0,0.0,0.0,428012.41289890045,0.0,0.0,0.0,393737.6578136196,0.0,0.0,0.0,584071.025557669,0.0,0.0,0.0,402207.35278588906,0.0,0.0,0.0,428256.2593271037
94,dual,2.5805249999999997,7,0.0,0.0,0.0,417012.4224380413,0.0,0.0,0.0,402890.2052880607,71.0,71.0,71.0,546852.8505525395,34.333333333333336,34.333333333333336,34.333333333333336,387674.9922297569,0.0,0.0,0.0,373862.91247661016
95,compound,2.814935,10,0.0,0.0,0.0,405063.00839005894,0.0,0.0,0.0,405550.7388928426,32.0,32.0,32.0,698956.1091833125,32.0,32.0,32.0,388816.0682032986,0.0,0.0,0.0,462300.02153499366
96,single,2.5,5,0.0,0.0,0.0,334393.9769490902,0.0,0.0,0.0,312594.0752854278,0.0,0.0,0.0,341058.3000242253,0.0,0.0,0.0,335289.459980629,0.0,0.0,0.0,373502.60068051296
97,dual,2.585645,7,0.0,0.0,0.0,432408.5526963089,0.0,0.0,0.0,421812.4800101921,0.0,0.0,0.0,537697.7228616973,0.0,0.0,0.0,392629.65736476827,0.0,0.0,0.0,426701.9993365437
98,compound,2.814935,12,0.0,0.0,0.0,412134.1490954626,0.0,0.0,0.0,380270.08044935454,34.333333333333336,34.333333333333336,34.333333333333336,723500.9228652037,59.0,69.0,69.0,417635.3139249331,34.0,34.0,39.0,446421.41991218575
99,single,2.5805249999999997,5,0.0,0.0,0.0,385634.4388499535,0.0,0.0,0.0,359698.53777313087,0.0,0.0,0.0,371909.7767758092,36.0,36.0,36.0,357071.30590056645,0.0,0.0,0.0,375097.1473063478
100,dual,2.5805249999999997,8,0.0,0.0,0.0,395518.3673337318,0.0,0.0,0.0,382632.6275652342,34.666666666666664,34.666666666666664,34.666666666666664,553927.099642143,69.66666666666667,69.66666666666667,69.66666666666667,397406.6610097497,104.0,104.0,104.0,403818.54611687944
101,compound,2.575405,11,49.333333333333336,49.333333333333336,49.333333333333336,456210.2884393393,22.0,22.0,22.0,395939.7654961949,50.0,50.0,50.0,695482.1854978749,78.66666666666667,78.66666666666667,78.66666666666667,499516.141408572,107.0,107.0,107.0,677639.058649406
102,single,2.5,2,0.0,0.0,0.0,352152.55072606355,0.0,0.0,0.0,333264.8591849148,0.0,0.0,0.0,350679.0690892399,0.0,0.0,0.0,355556.7636041672,0.0,0.0,0.0,326763.64960782655
103,dual,2.814935,6,0.0,0.0,0.0,345468.2530926349,0.0,0.0,0.0,327402.66697972576,0.0,0.0,0.0,499151.3498710962,0.0,0.0,0.0,349722.2870109977,0.0,0.0,0.0,320684.8244401521
104,compound,2.575405,9,0.0,0.0,0.0,390236.7821768583,0.0,0.0,0.0,374691.2751848314,33.0,33.0,33.0,585132.6992372185,33.0,33.0,33.0,356755.98248643737,99.0,99.0,99.0,408839.9457806084
105,single,2.5,4,0.0,0.0,0.0,357336.7315657667,0.0,0.0,0.0,338607.3715906728,31.0,31.0,31.0,430503.53676500334,0.0,0.0,0.0,349544.1091122167,0.0,0.0,0.0,372041.9091710677
106,dual,2.5,9,30.0,30.0,30.0,320334.4806344945,0.0,0.0,0.0,287530.97268789477,35.666666666666664,69.66666666666667,69.66666666666667,481220.19235260313,0.0,34.0,34.0,310970.46354314365,89.0,89.0,89.0,477604.7656053481
107,compound,2.5,9,0.0,0.0,0.0,327646.18128052325,0.0,0.0,0.0,307287.2013895651,0.0,0.0,0.0,469643.7499366623,0.0,0.0,0.0,321474.91477022704,0.0,0.0,0.0,394909.91676653345
108,single,2.5,3,0.0,0.0,0.0,358511.6906628639,0.0,0.0,0.0,349343.8948090044,0.0,0.0,0.0,378551.6458657132,0.0,0.0,0.0,339530.99511751067,0.0,0.0,0.0,293546.48233901395
109,dual,2.575405,8,0.0,0.0,0.0,455849.37134390516,0.0,0.0,0.0,436204.7739401534,33.333333333333336,33.333333333333336,33.333333333333336,588229.478544071,66.66666666666667,66.66666666666667,66.66666666666667,430134.39903371147,0.0,0.0,0.0,452042.54255787504
110,compound,2.6,13,40.666666666666664,40.666666666666664,40.666666666666664,469587.78898431506,41.0,41.0,41.0,462455.63411823014,32.333333333333336,32.333333333333336,32.333333333333336,748428.0495171812,46.0,46.0,46.0,477220.82506004703,102.0,102.0,102.0,575164.1127899974
111,single,2.575405,3,0.0,0.0,0.0,379527.45295511,0.0,0.0,0.0,350247.2860217802,0.0,0.0,0.0,451350.8927860164,0.0,0.0,0.0,352573.948788261,0.0,0.0,0.0,382011.2393014327
112,dual,2.5805249999999997,5,0.0,0.0,0.0,382143.6888047731,0.0,0.0,0.0,375456.0419256389,0.0,0.0,0.0,520949.95831764257,0.0,30.333333333333332,30.333333333333332,364837.79660917254,0.0,0.0,0.0,370197.2754732619
113,compound,2.5805249999999997,10,0.0,0.0,0.0,324120.57744069584,0.0,0.0,0.0,303466.51254557574,12.666666666666666,12.666666666666666,12.666666666666666,612375.092775915,12.666666666666666,12.666666666666666,12.666666666666666,332910.9476625961,0.0,0.0,0.0,355284.23844948644
114,single,2.814935,5,67.33333333333333,67.33333333333333,67.33333333333333,394503.8669569432,0.0,0.0,0.0,366197.90848371777,25.333333333333332,25.333333333333332,25.333333333333332,564842.4416703152,40.333333333333336,40.333333333333336,40.333333333333336,378421.2736336049,76.0,76.0,76.0,398666.77294632123
115,dual,2.5805249999999997,8,50.666666666666664,50.666666666666664,50.666666666666664,423248.26518098003,36.666666666666664,36.666666666666664,36.666666666666664,360706.6890947533,27.0,27.0,27.0,604205.0775433556,50.666666666666664,50.666666666666664,50.666666666666664,430508.65807806444,77.0,77.0,77.0,502876.40905502887
116,compound,2.814935,12,35.666666666666664,35.666666666666664,35.666666666666664,402910.13812593184,0.0,0.0,0.0,376978.5573398468,36.0,36.0,36.0,728185.97124347,48.666666666666664,48.666666666666664,48.666666666666664,441146.4240353036,36.0,36.0,36.0,446972.4737424948
117,single,2.585645,2,0.0,0.0,0.0,436277.6562617216,0.0,0.0,0.0,401122.2996570754,0.0,0.0,0.0,434798.0383955384,0.0,0.0,0.0,405830.94545616274,0.0,0.0,0.0,367350.6092773071
118,dual,2.5,9,103.66666666666667,103.66666666666667,103.66666666666667,446892.4260819966,103.33333333333333,103.33333333333333,103.33333333333333,429786.9643087543,85.33333333333333,90.66666666666667,109.0,639380.3881347693,82.33333333333333,87.66666666666667,106.0,470395.14007219067,110.0,110.0,110.0,624301.4796500844
119,compound,2.5,11,22.666666666666668,22.666666666666668,49.0,429443.40470641834,23.0,23.0,23.0,396297.6019190081,52.0,52.0,52.0,652950.9885317403,76.66666666666667,76.66666666666667,76.66666666666667,639395.6963548589,100.0,100.0,100.0,584997.3937702093
120,single,2.5805249999999997,3,0.0,0.0,0.0,376069.7098381466,0.0,0.0,0.0,351455.1779833114,36.666666666666664,36.666666666666664,36.666666666666664,418751.62812616146,0.0,0.0,0.0,356391.76926701766,0.0,0.0,0.0,378568.016478957
121,dual,2.5805249999999997,8,0.0,0.0,0.0,409165.37443767017,0.0,0.0,0.0,377154.6450872773,0.0,0.0,0.0,509261.8849033183,27.666666666666668,27.666666666666668,27.666666666666668,353646.9602033316,0.0,0.0,0.0,413114.7614529866
122,compound,2.575405,12,0.0,0.0,0.0,433087.6271931775,0.0,0.0,0.0,406935.995313945,36.666666666666664,36.666666666666664,36.666666666666664,783509.5927035903,73.33333333333333,73.33333333333333,73.33333333333333,507724.69968440343,108.0,108.0,108.0,564199.8752592407
123,single,2.526313,3,0.0,0.0,0.0,405655.3234955999,0.0,0.0,0.0,415677.37665765407,0.0,0.0,0.0,462350.5161065215,0.0,0.0,0.0,396247.3867759045,0.0,0.0,0.0,406915.85437698715
124,dual,2.575405,8,27.666666666666668,27.666666666666668,27.666666666666668,397398.7429593182,104.33333333333333,104.33333333333333,104.33333333333333,409017.88869770436,72.66666666666667,72.66666666666667,72.66666666666667,686670.6916299659,99.0,99.0,99.0,467946.5036651061,83.0,83.0,83.0,586474.9464369656
125,compound,2.575405,10,0.0,0.0,0.0,356255.6227760744,0.0,0.0,0.0,337035.31770518323,11.0,11.0,11.0,680742.4966070905,11.0,11.0,11.0,351378.7782493744,90.0,90.0,90.0,513137.0943336384
126,single,2.6,2,0.0,0.0,0.0,398664.9554320083,0.0,0.0,0.0,368275.9226486495,0.0,0.0,0.0,498420.02545861504,0.0,0.0,0.0,374982.58443748043,0.0,0.0,0.0,350580.4776965405
127,dual,2.814935,5,0.0,0.0,0.0,415942.71868452826,0.0,0.0,0.0,383748.0564108905,0.0,0.0,0.0,544280.7355074097,32.333333333333336,32.333333333333336,32.333333333333336,372599.3241716731,0.0,0.0,0.0,383638.9547223692
128,compound,2.814935,9,0.0,0.0,0.0,400262.91181567404,0.0,0.0,0.0,378522.46493722143,33.0,33.0,33.0,697184.0917159452,32.666666666666664,34.666666666666664,34.666666666666664,394542.5146748396,0.0,0.0,0.0,399625.5819310235
129,single,2.6,5,36.666666666666664,36.666666666666664,36.666666666666664,413763.22591061844,0.0,0.0,0.0,392088.0849437641,72.0,72.0,72.0,604197.9877329563,49.333333333333336,60.666666666666664,60.666666666666664,419267.9204536658,75.0,75.0,75.0,394406.01587125316
130,dual,2.5,8,68.33333333333333,68.33333333333333,68.33333333333333,390425.03345574084,68.0,68.0,68.0,357564.6875645675,82.66666666666667,82.66666666666667,82.66666666666667,586392.0999775009,68.66666666666667,68.66666666666667,68.66666666666667,419424.6563129698,68.0,68.0,68.0,477432.3469569876
131,compound,2.6,10,36.666666666666664,36.666666666666664,36.666666666666664,391580.2970253735,0.0,0.0,0.0,345809.92682423134,36.666666666666664,36.666666666666664,36.666666666666664,714011.8346007924,73.33333333333333,73.33333333333333,73.33333333333333,409977.7983019491,0.0,0.0,0.0,423711.73148925696
132,single,2.5805249999999997,4,0.0,0.0,0.0,381736.69229327934,0.0,0.0,0.0,345469.95545208076,0.0,0.0,0.0,501071.4583562454,0.0,0.0,0.0,361067.0787272583,0.0,0.0,0.0,379137.3233779715
133,dual,2.5805249999999997,9,105.66666666666667,105.66666666666667,110.0,397921.2171719162,107.33333333333333,107.33333333333333,107.33333333333333,379267.0649738863,84.33333333333333,84.33333333333333,84.33333333333333,552119.2237172662,84.33333333333333,84.33333333333333,84.33333333333333,401769.6002966405,97.0,97.0,110.0,468059.05586912343
134,compound,2.5805249999999997,12,0.0,0.0,0.0,398724.803226881,0.0,0.0,0.0,381064.8651396069,36.666666666666664,36.666666666666664,36.666666666666664,648539.0955906269,48.666666666666664,48.666666666666664,48.666666666666664,383165.02232531883,36.0,36.0,36.0,470722.14146101405
135,single,2.5805249999999997,5,0.0,0.0,0.0,426096.51583617995,0.0,0.0,0.0,410746.3056084264,34.0,34.0,34.0,533295.7438004737,0.0,0.0,0.0,388944.233818778,0.0,0.0,0.0,404293.6440335546
136,dual,2.5805249999999997,8,94.66666666666667,94.66666666666667,94.66666666666667,580071.5228955481,95.0,95.0,95.0,557568.8923732833,95.33333333333333,95.33333333333333,95.33333333333333,726904.3210602603,77.0,77.0,77.0,562326.4977179626,35.0,35.0,35.0,566934.9728641957
137,compound,2.585645,9,0.0,0.0,0.0,354565.7496701539,0.0,0.0,0.0,336044.210149981,36.666666666666664,36.666666666666664,36.666666666666664,497950.7935052199,0.0,0.0,0.0,350917.2712065003,0.0,0.0,0.0,428920.9013864172
138,single,2.814935,2,0.0,0.0,0.0,398049.4758739238,0.0,0.0,0.0,395354.53140080365,0.0,0.0,0.0,525385.9949179899,0.0,0.0,0.0,386647.5500906426,0.0,0.0,0.0,333015.80819978885
139,dual,2.585645,9,0.0,0.0,0.0,390287.8857186148,0.0,0.0,0.0,370327.65701807174,34.0,34.0,34.0,518938.404534356,34.333333333333336,34.333333333333336,34.333333333333336,349463.4739127187,106.0,106.0,106.0,399939.13576988014
140,compound,2.526313,11,0.0,0.0,0.0,371279.8350539091,0.0,0.0,0.0,329575.75563015527,19.333333333333332,19.333333333333332,19.333333333333332,631891.6067933916,70.66666666666667,70.66666666666667,70.66666666666667,352457.81144823733,101.0,101.0,101.0,432500.8280122303
141,single,2.5,3,0.0,0.0,0.0,339865.37637098564,0.0,0.0,0.0,320446.1518267764,0.0,0.0,0.0,406510.5857344721,0.0,0.0,0.0,343784.79445613874,0.0,0.0,0.0,387369.4540731728
142,dual,2.575405,6,0.0,0.0,0.0,342689.0558923612,0.0,0.0,0.0,322363.3338988135,36.333333333333336,36.333333333333336,36.333333333333336,484010.7333549196,0.0,0.0,0.0,342189.9184152214,0.0,0.0,0.0,376769.19609873916
143,compound,2.6,12,22.666666666666668,22.666666666666668,29.666666666666668,460625.94564875687,29.0,29.0,29.0,452695.72331386997,39.333333333333336,39.333333333333336,39.333333333333336,783657.8133778331,53.0,53.0,53.0,501003.3067761836,94.0,94.0,94.0,607113.9319686833
144,single,2.585645,5,26.666666666666668,26.666666666666668,26.666666666666668,436571.6020618148,0.0,0.0,0.0,398865.94055463694,66.0,66.0,66.0,542826.8389824863,73.33333333333333,73.33333333333333,73.33333333333333,416736.7713248494,110.0,110.0,110.0,408068.4749073086
145,dual,2.575405,9,98.66666666666667,106.66666666666667,106.66666666666667,419004.5566757943,73.33333333333333,110.0,110.0,394964.5345473992,18.666666666666668,55.333333333333336,55.333333333333336,672109.7778501371,37.0,73.66666666666667,73.66666666666667,448386.1308738172,75.0,75.0,75.0,543943.3284785779
146,compound,2.6,12,72.33333333333333,72.33333333333333,72.33333333333333,450611.19408151595,109.0,109.0,109.0,428908.36189415894,50.0,50.0,50.0,767068.3749186847,74.0,74.0,74.0,493379.6319271384,42.0,108.0,108.0,551245.2426848597
147,single,2.5805249999999997,5,0.0,0.0,0.0,388456.2085778212,0.0,0.0,0.0,371919.5935963586,52.666666666666664,52.666666666666664,52.666666666666664,531683.9875654989,62.666666666666664,62.666666666666664,62.666666666666664,394055.6052678367,96.0,96.0,96.0,388253.8154406747
148,dual,2.5,9,27.666666666666668,27.666666666666668,27.666666666666668,420494.9519807022,108.66666666666667,108.66666666666667,108.66666666666667,422618.2401166179,101.0,101.0,101.0,645688.9264071012,107.66666666666667,107.66666666666667,107.66666666666667,473193.37511299556,108.0,108.0,108.0,594926.0339910968
149,compound,2.6,10,0.0,0.0,0.0,331574.97309090226,0.0,0.0,0.0,312328.0186575882,12.666666666666666,12.666666666666666,12.666666666666666,611422.077048157,12.666666666666666,12.666666666666666,12.666666666666666,348976.24674063857,0.0,0.0,0.0,370630.5827792666
